pair_key,psnr,ssim,residual_mean,residual_std,noisy_psnr,noisy_ssim,psnr_gain,ssim_gain,meta_folder,meta_heldout_frame_index,meta_surrogate_type,meta_train_frame_count,meta_crop_size
folder_1_frame_101,58.52218640355286,0.9984049410520461,-0.00016691177734173834,0.0011736609740182757,58.60244986722036,0.9984452185573865,-0.08026346366749948,-4.027750534041363e-05,1,101,train_mean_vs_heldout_frame,100,512
folder_1_frame_111,58.403423546518155,0.9983694091569382,-0.00013262245920486748,0.0011944506550207734,58.4562328354691,0.9983971296670532,-0.05280928895094661,-2.772051011501464e-05,1,111,train_mean_vs_heldout_frame,100,512
