metric,e1_target,synthetic_actual,relative_error,passed
temporal_std_dn,79.47924041748047,79.50273485854991,0.00029565550362181713,True
