radial_bin,value,valid_sample_count
0,1.0,1
1,0.0009106831375801116,8
2,-0.0008200857093214512,16
3,-0.00040845117861410956,20
4,0.00010631656705769963,24
5,4.024401212932589e-05,40
6,-8.366558813446503e-05,36
7,0.0005538901238577457,48
8,-1.1694067910039026e-05,56
9,-0.000486616019756345,56
10,-0.00018660669332303635,68
11,-0.0006302171018429917,64
12,-0.00021949523601271295,80
13,2.5944403830997902e-05,92
14,-0.00023749440057375468,88
15,-0.0004304601890859938,96
16,-0.0005198617999884015,96
