{
  "checkpoint_selection": "synthetic validation PSNR",
  "experiment_id": "e5_H-H_seed20260717",
  "pair_count": 80,
  "references": {
    "reference_a_odd": {
      "mean_brightness_bias": -0.0014504042512271554,
      "mean_folder_psnr_gain": -5.52997547511306,
      "mean_gradient_ratio_to_noisy": 0.38509434294556694,
      "mean_pair_psnr_gain": -5.52997547511306,
      "mean_residual_std": 0.002405237574748753,
      "mean_ssim": 0.9891524977624204,
      "positive_folder_count": 0,
      "positive_pair_fraction": 0.0,
      "worst_folder_psnr_gain": -8.975634714859757
    },
    "reference_b_even": {
      "mean_brightness_bias": -0.0014487015156191773,
      "mean_folder_psnr_gain": -5.530354729334211,
      "mean_gradient_ratio_to_noisy": 0.38509434294556694,
      "mean_pair_psnr_gain": -5.530354729334211,
      "mean_residual_std": 0.0024026533124924753,
      "mean_ssim": 0.9891609314739253,
      "positive_folder_count": 0,
      "positive_pair_fraction": 0.0,
      "worst_folder_psnr_gain": -8.956630037100243
    }
  },
  "seed": 20260717,
  "variant": "H-H"
}