{
  "checkpoint_selection": "synthetic validation PSNR",
  "experiment_id": "e5_P-L_seed20260716",
  "pair_count": 80,
  "references": {
    "reference_a_odd": {
      "mean_brightness_bias": -0.00010039582368790435,
      "mean_folder_psnr_gain": -0.8936046754329517,
      "mean_gradient_ratio_to_noisy": 0.5555512926610092,
      "mean_pair_psnr_gain": -0.8936046754329517,
      "mean_residual_std": 0.0017275452883040998,
      "mean_ssim": 0.9953426405407078,
      "positive_folder_count": 5,
      "positive_pair_fraction": 0.4375,
      "worst_folder_psnr_gain": -6.249120419764035
    },
    "reference_b_even": {
      "mean_brightness_bias": -9.869309265013726e-05,
      "mean_folder_psnr_gain": -0.8906709230753517,
      "mean_gradient_ratio_to_noisy": 0.5555512926610092,
      "mean_pair_psnr_gain": -0.8906709230753517,
      "mean_residual_std": 0.0017248058127734111,
      "mean_ssim": 0.9953433405532746,
      "positive_folder_count": 4,
      "positive_pair_fraction": 0.45,
      "worst_folder_psnr_gain": -6.329263102494786
    }
  },
  "seed": 20260716,
  "variant": "P-L"
}