folder,model,removed_mean_DN,removed_std_DN,removed_row_energy_DN,removed_column_energy_DN,removed_radial_acf_r1,removed_gradient_correlation,removed_temporal_mean_structure_correlation,structure_warning
2,G,4.905877590179443,5.947485446929932,0.18533457928330832,0.12959603688259716,-0.0618027091656626,-0.028414242996270853,0.022978492746065497,False
2,CG_NC,4.040896892547607,4.920782566070557,0.1733050735188009,0.1278031732650297,-0.08076864428674253,-0.06705480107400207,0.008313284047324348,False
5,G,15.122130393981934,16.347929000854492,0.24808677514296962,0.2614090214940337,-0.14188641315341524,0.48536782739092443,0.7903425497171568,True
5,CG_NC,0.06227865815162659,13.116326332092285,0.18956633514076385,0.19496503340821764,-0.13359460196003697,0.5690571287887679,-0.5560550707995839,True
9,G,6.015115737915039,7.966824054718018,0.18025263294001975,0.1411567140795391,-0.1062143692401456,0.1561877441508859,0.26759540771328905,True
9,CG_NC,3.5671470165252686,6.527459621429443,0.16411436327948495,0.1445827230103937,-0.12417624760249381,0.24398922414167115,-0.011649028643252178,True
11,G,5.1403279304504395,6.3391828536987305,0.17933303531891737,0.13034794201391461,-0.0737502961284422,0.013932811591061144,0.09045349856361759,False
11,CG_NC,3.890559434890747,5.184967994689941,0.16070469484849143,0.12994027357200152,-0.09487051477326469,-0.03913911361914019,-0.026343183242707544,False
