folder,model,removed_mean_DN,removed_std_DN,removed_row_energy_DN,removed_column_energy_DN,removed_radial_acf_r1,removed_gradient_correlation,removed_temporal_mean_structure_correlation,structure_warning
2,G,-6.341653823852539,11.862214088439941,0.2091467594772395,0.17334033670663085,0.10885980615807878,-0.014185213603147015,0.014183675033550254,False
2,CG_NC,-8.014215469360352,4.360085964202881,0.07219197977376025,0.05264390477855588,0.04090371182998767,-0.0003747352073770414,-0.01053027852231796,False
5,G,32.002479553222656,57.14302444458008,0.357254118983545,0.7500449756308666,0.3977455608328621,0.4624122338338411,0.9389840453549716,True
5,CG_NC,18.89267921447754,43.101524353027344,0.28515943230590635,0.571913945319767,0.3607914226971889,0.39200001036935234,0.904716541085297,True
9,G,-6.084016799926758,11.878425598144531,0.17735360558386515,0.19993445120771614,0.13401756429199338,-0.07023259620190243,0.031096172935021774,False
9,CG_NC,-8.181017875671387,4.641688346862793,0.09393745418488053,0.1196524249801443,0.10059945556981782,0.01825682096228531,-0.038475824896145774,False
11,G,-6.1995954513549805,11.90636157989502,0.1906845054011142,0.19355133003126032,0.12532242149500983,-0.047747684369656915,0.0419764132226054,False
11,CG_NC,-8.101238250732422,4.466074466705322,0.08311261358131121,0.08239459481108419,0.07342735593591604,0.0094616879941926,-0.04683890113905417,False
