{
  "noisy_psnr_mean": 58.529341351344726,
  "noisy_psnr_std": 0.07310851587562794,
  "noisy_ssim_mean": 0.9984211741122199,
  "noisy_ssim_std": 2.4044445166682138e-05,
  "pair_count": 2.0,
  "psnr_gain_mean": -0.27630775783646655,
  "psnr_gain_std": 0.030284347530130873,
  "psnr_mean": 58.25303359350826,
  "psnr_std": 0.04282416834549707,
  "residual_mean_mean": -0.00030066032195463777,
  "residual_mean_std": 1.6996782505884767e-05,
  "residual_std_mean": 0.001185102213639766,
  "residual_std_std": 1.0532501619309187e-05,
  "ssim_gain_mean": -0.00013452210763181816,
  "ssim_gain_std": 1.3583774719105879e-05,
  "ssim_mean": 0.9982866520045881,
  "ssim_std": 1.0460670447576259e-05
}