pair_key,psnr,ssim,residual_mean,residual_std,noisy_psnr,noisy_ssim,psnr_gain,ssim_gain,meta_folder,meta_heldout_frame_index,meta_surrogate_type,meta_train_frame_count,meta_crop_size
folder_1_frame_101,58.29585776185376,0.9982971126750356,-0.00031765710446052253,0.0011745697120204568,58.60244986722036,0.9984452185573865,-0.3065921053665974,-0.00014810588235092403,1,101,train_mean_vs_heldout_frame,100,512
folder_1_frame_111,58.210209425162766,0.9982761913341405,-0.000283663539448753,0.0011956347152590752,58.4562328354691,0.9983971296670532,-0.24602341030633568,-0.00012093833291271228,1,111,train_mean_vs_heldout_frame,100,512
