{
  "checkpoint_selection": "synthetic validation PSNR",
  "experiment_id": "e5_H-L_seed20260717",
  "pair_count": 80,
  "references": {
    "reference_a_odd": {
      "mean_brightness_bias": -0.0008226119189203018,
      "mean_folder_psnr_gain": -2.4335352865463173,
      "mean_gradient_ratio_to_noisy": 0.5509412889984621,
      "mean_pair_psnr_gain": -2.4335352865463173,
      "mean_residual_std": 0.0019003566554602002,
      "mean_ssim": 0.9940492507406404,
      "positive_folder_count": 0,
      "positive_pair_fraction": 0.0,
      "worst_folder_psnr_gain": -5.211288542898418
    },
    "reference_b_even": {
      "mean_brightness_bias": -0.0008209091793105472,
      "mean_folder_psnr_gain": -2.430555672899562,
      "mean_gradient_ratio_to_noisy": 0.5509412889984621,
      "mean_pair_psnr_gain": -2.430555672899562,
      "mean_residual_std": 0.0018977067493324284,
      "mean_ssim": 0.9940526449311482,
      "positive_folder_count": 0,
      "positive_pair_fraction": 0.0,
      "worst_folder_psnr_gain": -5.301904030060452
    }
  },
  "seed": 20260717,
  "variant": "H-L"
}