{
  "checkpoint_selection": "synthetic validation PSNR",
  "experiment_id": "e5_P-L_seed20260717",
  "pair_count": 80,
  "references": {
    "reference_a_odd": {
      "mean_brightness_bias": -0.0001395264322241019,
      "mean_folder_psnr_gain": -0.3732113962034379,
      "mean_gradient_ratio_to_noisy": 0.5900922791752115,
      "mean_pair_psnr_gain": -0.3732113962034379,
      "mean_residual_std": 0.0017202633571287151,
      "mean_ssim": 0.9955314463526431,
      "positive_folder_count": 4,
      "positive_pair_fraction": 0.425,
      "worst_folder_psnr_gain": -4.075105330280459
    },
    "reference_b_even": {
      "mean_brightness_bias": -0.00013782370238573093,
      "mean_folder_psnr_gain": -0.36942813881744047,
      "mean_gradient_ratio_to_noisy": 0.5900922791752115,
      "mean_pair_psnr_gain": -0.36942813881744047,
      "mean_residual_std": 0.0017175909722936921,
      "mean_ssim": 0.995532916922253,
      "positive_folder_count": 4,
      "positive_pair_fraction": 0.4375,
      "worst_folder_psnr_gain": -4.178560650059365
    }
  },
  "seed": 20260717,
  "variant": "P-L"
}