run_seed,experiment,pair_count,noisy_psnr,noisy_ssim,output_psnr,output_ssim,output_mae,output_rmse,max_abs_output_mean_shift_DN,max_output_zero_ratio,max_output_one_ratio,condition_psnr_variance,first_train_l1,final_train_l1,train_validation_l1_gap,best_epoch,best_validation_psnr,best_validation_l1,elapsed_seconds,peak_gpu_bytes,parameter_count
20260719,CG_NC,117,57.27646503888861,0.9977868895988402,57.34281130301381,0.9978456407785214,0.001172820625105,0.0014694803744456,7.109003349512321,0.0076522827148437,0.0,12.04049581061708,0.0026322893080456,0.0009255136925882,0.0002473357004714,2,57.34281435583392,0.0011728493930596,118.47801000002072,271566848,481745
20260719,G,117,57.27646503888861,0.9977868895988402,57.340070565099055,0.997836176161692,0.0011738942912581,0.0014707454461098,1.6410173795055538,0.0036735534667968,0.0,12.132171413742888,0.0025212073108802,0.0008471265248954,0.0003267736025114,2,57.340072403606186,0.0011739001274069,118.03437629999826,265765376,481745
20260720,CG_NC,117,57.27570712077744,0.9977859938613748,57.39309834467784,0.9978659397974472,0.0011659062910157,0.0014612362868775,4.044328137488172,0.0077133178710937,0.0,12.071088541296987,0.0126207924991225,0.0010997489653527,6.618012735843033e-05,22,57.39310409676315,0.0011659290927112,123.8626267000218,271566848,481745
20260720,G,117,57.27570712077744,0.9977859938613748,57.27963298887337,0.9978248741022218,0.0011807098231741,0.0014813024568555,9.859991228514632,0.00872802734375,0.0,12.154404488083392,0.0126788139917577,0.0010332978947553,0.0001475694264846,17,57.27963664389064,0.00118086732124,123.83070200000655,265765376,481745
20260721,CG_NC,117,57.27693933397906,0.9977878615509264,57.176073871067125,0.997756154537109,0.0011940296426827,0.001497702139609,8.856810524700794,0.0005455017089843,0.0,12.008030917913468,0.0082333755974347,0.0011582273613506,3.582017328072743e-05,15,57.17607928545047,0.0011940475346313,118.71638530000928,271566848,481745
20260721,G,117,57.27693933397906,0.9977878615509264,57.11709227880502,0.997773158019874,0.0011982605062218,0.001510674753153,24.2141648823368,0.0067253112792968,0.0,12.209411508551794,0.0080660153653783,0.000991968101589,0.0002063242311919,6,57.11708672026284,0.0011982923327809,117.78471499998705,265765376,481745
