variant,seed,reference,pair_key,folder,psnr,psnr_gain,ssim,ssim_gain,gradient_ratio_to_noisy,residual_mean,residual_std,brightness_bias_to_reference,prediction_mean_minus_noisy_mean,removed_residual_std,noisy_psnr,noisy_ssim
P-L,20260716,reference_a_odd,folder_1_frame_101,1,58.31535247451936,-0.23987595755961166,0.9983101852943439,-0.0001183145859705581,0.9985503193199521,-0.00028921201010234654,0.0011790867429226637,-0.00028921201010234654,-0.0002447041333653033,3.0279390557552688e-05,58.55522843207897,0.9984284998803145
P-L,20260716,reference_b_even,folder_1_frame_101,1,58.330745975400006,-0.24449296325282432,0.9983150705414165,-0.00012003993180320638,0.9985503193199521,-0.0002917104575317353,0.0011762564536184072,-0.0002917104575317353,-0.0002447041333653033,3.0279390557552688e-05,58.57523893865283,0.9984351104732198
P-L,20260716,reference_a_odd,folder_1_frame_111,1,58.2240934010132,-0.18486002785486022,0.9982864245015536,-9.337414822141454e-05,0.9985638831831185,-0.00025516413734294474,0.0012000328861176968,-0.0002551641664467752,-0.0002449872554279864,3.0218870961107314e-05,58.40895342886806,0.998379798649775
P-L,20260716,reference_b_even,folder_1_frame_111,1,58.24198875719177,-0.18927908352231526,0.9982924477108869,-9.509544174102214e-05,0.9985638831831185,-0.00025766261387616396,0.0011969159822911024,-0.00025766261387616396,-0.0002449872554279864,3.0218870961107314e-05,58.431267840714085,0.9983875431526279
