{
  "checkpoint_selection": "synthetic validation PSNR",
  "experiment_id": "e5_P-L_seed20260718",
  "pair_count": 80,
  "references": {
    "reference_a_odd": {
      "mean_brightness_bias": -0.00012202368061196012,
      "mean_folder_psnr_gain": -0.22541570387767074,
      "mean_gradient_ratio_to_noisy": 0.563395059789422,
      "mean_pair_psnr_gain": -0.22541570387767074,
      "mean_residual_std": 0.0016910789930989268,
      "mean_ssim": 0.9956965860530452,
      "positive_folder_count": 7,
      "positive_pair_fraction": 0.7,
      "worst_folder_psnr_gain": -3.9686973167026895
    },
    "reference_b_even": {
      "mean_brightness_bias": -0.00012032095261247378,
      "mean_folder_psnr_gain": -0.2206917171655432,
      "mean_gradient_ratio_to_noisy": 0.563395059789422,
      "mean_pair_psnr_gain": -0.2206917171655432,
      "mean_residual_std": 0.0016883067088201641,
      "mean_ssim": 0.9956981745024447,
      "positive_folder_count": 7,
      "positive_pair_fraction": 0.725,
      "worst_folder_psnr_gain": -4.073043013427938
    }
  },
  "seed": 20260718,
  "variant": "P-L"
}